age,matches,totalRuns,battingAverage,strikeRate,fours,sixes,totalWickets,economy,recentForm,consistency,potential
28,40,1657,44.39,128.74,184,50,22,7.4,100.0,76.15,1
23,10,500,42.07,129.55,51,22,9,8.96,55.16,69.52,0
22,16,704,45.11,129.24,79,23,22,8.3,77.9,74.92,0
19,10,451,38.6,108.75,34,16,35,10.0,20.0,49.91,0
30,34,1569,55.63,144.09,149,70,45,7.73,81.38,83.76,1
19,10,529,58.15,134.5,44,19,25,7.82,92.93,98.0,1
30,36,1289,41.85,128.45,105,41,36,9.29,69.23,84.2,0
19,10,413,42.8,140.99,29,15,33,6.4,56.6,77.99,1
30,49,1853,44.62,132.84,178,47,24,7.86,57.84,55.58,0
26,26,903,32.02,113.99,99,22,10,8.38,46.12,41.99,0
19,10,372,39.26,168.14,38,10,44,7.31,56.4,76.68,1
28,41,1853,39.54,139.05,180,75,45,8.1,91.75,72.85,0
26,31,971,37.08,134.14,67,25,13,8.61,51.94,61.34,0
33,53,1241,25.04,124.42,118,35,32,9.2,50.18,68.07,0
20,10,597,49.87,128.02,64,29,22,6.25,53.08,45.66,1
25,31,1358,48.37,154.2,139,34,45,7.35,61.19,64.47,0
18,10,428,52.86,134.13,34,18,56,6.8,82.66,74.41,1
26,37,1558,50.74,123.55,153,65,36,5.65,80.42,79.72,1
20,10,267,24.36,123.72,20,7,23,6.91,33.55,69.75,0
20,10,377,32.7,127.61,46,11,53,7.36,43.15,61.83,0
34,46,1772,34.77,121.19,186,54,9,10.0,66.54,63.99,0
25,29,1383,52.53,159.28,124,64,53,7.5,100.0,83.94,1
18,10,362,34.11,119.7,32,10,57,8.17,44.13,63.26,0
22,10,415,34.88,126.64,44,20,38,8.36,52.18,60.43,0
22,11,295,25.57,145.88,25,7,21,6.88,76.31,66.27,0
33,55,2398,45.66,136.5,191,82,46,7.41,73.52,83.38,1
27,25,1159,44.3,131.28,111,34,34,8.75,61.8,72.35,1
19,10,418,51.26,124.8,38,10,0,0.0,57.69,60.84,0
20,16,703,37.53,137.88,50,24,55,7.66,76.47,97.42,1
30,49,2566,49.75,152.45,230,99,51,8.05,82.76,85.95,1
21,19,700,34.07,125.43,47,20,24,8.16,51.59,77.34,0
25,15,878,49.68,138.38,58,25,23,7.02,73.34,81.27,0
29,39,1494,47.63,131.66,132,70,49,8.34,61.53,60.14,0
34,47,1765,45.96,115.03,121,45,45,8.09,88.39,58.09,1
32,51,2019,34.13,142.9,242,78,57,7.3,65.81,80.01,0
25,21,662,34.15,119.09,48,19,54,8.6,54.51,67.48,0
19,10,572,51.5,161.38,50,14,64,6.28,82.81,74.95,1
34,62,3280,46.18,123.09,239,82,40,7.04,69.68,82.41,1
22,18,623,38.49,149.55,62,25,37,7.97,55.35,66.22,1
20,10,382,39.76,137.18,42,18,34,8.13,81.12,82.5,0
19,10,543,51.57,157.9,45,24,48,8.48,86.29,88.0,1
27,38,2109,46.57,144.45,184,79,14,5.99,89.14,77.88,1
32,41,2319,48.83,133.13,204,69,30,6.82,67.85,68.19,1
23,10,371,34.56,112.6,44,10,0,0.0,50.09,64.87,0
28,43,1524,40.57,127.03,161,55,38,10.0,51.41,71.57,0
31,44,2098,47.08,122.36,239,72,6,7.87,60.74,78.91,0
27,32,868,28.82,111.95,69,29,0,0.0,56.55,61.38,0
32,53,3076,54.84,141.54,256,113,23,6.87,85.78,78.73,1
18,10,326,39.1,124.25,23,15,45,7.62,83.55,73.08,1
19,10,480,51.65,137.66,43,15,54,6.33,99.53,83.13,1
31,41,1116,33.17,134.96,107,49,45,7.17,99.37,53.15,0
34,48,2147,39.23,168.17,162,76,41,6.72,69.07,78.27,1
18,10,391,44.4,125.0,42,16,31,9.04,51.1,56.02,0
30,43,1520,33.68,107.31,129,52,20,6.87,58.58,56.25,0
32,46,2933,54.23,146.92,236,109,45,6.73,67.57,84.84,1
24,22,1433,60.0,151.84,125,40,30,7.34,84.58,74.9,1
32,55,1760,35.89,115.77,134,51,46,8.88,44.57,66.79,0
22,20,661,36.15,117.24,53,17,0,0.0,45.09,52.27,0
28,43,1508,40.75,162.43,125,46,45,8.59,86.28,82.88,1
25,31,1031,35.67,125.18,101,41,4,9.05,63.2,63.37,0
26,20,857,43.19,137.65,59,26,38,8.33,49.59,63.83,0
23,10,371,41.99,112.46,31,9,55,6.77,29.36,50.13,0
25,24,1425,51.23,129.88,151,59,43,7.47,68.74,65.5,1
25,26,1217,47.18,119.79,106,34,23,7.15,90.87,86.45,0
27,26,886,42.04,125.55,92,35,52,7.59,91.18,82.68,1
20,14,897,54.08,138.54,61,39,6,6.8,80.54,75.18,0
18,10,370,38.95,121.23,30,14,21,6.29,93.17,62.09,1
26,26,1594,53.44,152.96,139,42,40,7.97,83.69,93.35,1
24,15,995,58.77,148.12,84,27,65,5.9,100.0,98.0,1
22,17,714,39.45,140.73,77,18,4,6.4,87.64,87.92,0
28,28,1208,39.65,130.41,98,30,25,8.3,52.51,74.4,0
22,13,654,44.21,117.06,44,28,24,9.67,67.19,68.29,0
18,10,299,26.79,115.92,23,11,14,6.53,71.35,66.96,0
29,44,2441,50.28,166.97,186,74,61,7.96,91.84,96.27,1
27,33,1181,40.83,117.5,134,41,24,8.08,63.26,77.24,1
24,20,1229,60.0,147.21,108,32,0,0.0,59.04,94.11,1
29,39,1996,50.79,163.02,181,53,25,4.83,100.0,93.27,1
20,10,268,32.15,156.88,25,8,6,6.07,49.33,61.21,0
21,14,357,30.04,138.72,24,9,38,6.31,57.07,60.5,0
19,10,433,48.57,145.9,46,17,70,7.68,84.37,83.25,1
23,23,714,30.74,134.67,72,23,30,7.83,90.68,70.87,0
30,36,2026,48.91,158.16,205,89,34,7.85,76.82,63.0,0
25,33,1275,38.16,148.76,86,57,48,7.43,66.72,76.53,1
25,25,1661,58.28,160.92,118,48,63,7.16,87.94,96.34,1
27,23,751,40.75,150.45,54,30,62,7.47,92.42,79.66,1
30,44,1535,34.34,127.53,114,69,6,8.13,54.53,72.16,0
19,10,508,55.29,153.93,39,23,17,7.71,82.41,89.57,1
31,54,2460,41.12,134.13,192,85,0,0.0,50.44,66.26,0
24,21,370,19.76,114.87,41,9,30,8.59,55.56,62.77,0
22,16,617,33.35,131.14,64,25,35,7.23,68.01,77.06,1
33,53,1939,45.34,141.29,142,74,2,6.98,72.51,97.78,1
31,47,1045,25.73,127.48,83,39,0,0.0,24.07,62.34,0
30,34,2221,60.0,152.29,176,63,61,7.43,99.08,90.69,1
18,10,344,41.39,123.34,31,15,28,9.31,60.68,66.41,0
32,43,2605,55.91,151.48,184,75,28,8.24,75.45,72.03,1
20,10,530,50.0,134.48,46,16,56,7.18,49.71,79.87,1
30,35,1387,36.44,125.51,144,34,17,8.57,76.11,51.52,0
32,44,1656,38.81,152.85,158,60,50,7.48,72.65,87.56,1
21,10,629,59.23,131.06,42,24,21,5.68,99.14,86.85,1
18,10,575,48.41,153.53,62,15,31,5.5,87.34,78.9,1
32,50,2551,55.17,143.82,236,68,32,7.49,68.0,64.62,0
32,43,2069,45.08,117.0,229,71,0,0.0,54.66,50.56,0
28,39,1881,46.64,138.46,133,77,43,6.99,100.0,81.8,1
19,10,335,31.2,136.01,31,11,5,8.25,59.41,57.93,0
23,10,329,33.66,103.84,23,13,6,9.29,42.2,54.33,0
28,38,1851,60.0,140.13,127,54,20,7.93,75.25,87.59,1
22,15,833,48.45,114.16,55,23,38,7.8,42.5,45.49,0
28,42,1312,28.29,120.83,96,45,26,7.89,72.04,73.0,0
32,51,2222,41.95,145.4,187,76,0,0.0,90.8,79.31,0
25,27,1124,41.34,129.06,98,54,27,6.49,97.16,82.47,1
19,10,369,33.65,103.06,28,12,16,9.38,56.32,35.45,0
32,42,1953,46.09,122.88,153,50,16,9.7,65.61,77.41,1
27,33,1179,40.96,155.19,92,49,67,7.31,65.93,79.55,1
27,39,1459,37.03,128.96,166,72,50,7.7,65.3,69.2,1
26,33,1723,47.15,163.91,144,68,65,5.72,100.0,91.65,1
21,10,507,51.28,128.65,43,21,30,6.4,68.03,81.52,1
24,21,877,34.96,114.03,97,25,5,6.16,52.66,90.83,0
24,17,1048,55.6,149.65,106,31,35,5.64,96.5,88.58,1
18,10,525,46.94,150.12,54,17,49,7.59,78.09,88.0,1
20,10,360,34.9,113.13,41,9,8,9.63,27.69,33.3,0
33,50,2627,55.14,139.79,297,66,26,7.95,75.14,82.86,1
25,29,974,41.26,130.02,96,38,41,7.21,53.14,73.01,0
26,28,1085,37.64,141.12,90,38,0,0.0,67.7,64.62,0
23,23,1266,49.33,132.89,124,58,14,7.22,69.17,75.74,1
27,37,1496,46.5,124.37,129,53,33,7.68,60.9,76.05,0
25,24,746,26.47,125.44,52,29,25,7.79,53.5,52.88,0
22,19,401,24.92,114.83,39,18,16,7.79,44.44,53.82,0
21,13,531,38.51,129.86,38,15,27,8.67,59.26,68.84,1
31,39,1716,45.49,126.32,126,54,17,7.23,44.48,54.17,0
22,10,448,45.68,147.38,32,20,18,7.25,75.37,68.17,1
25,30,1096,42.84,157.89,125,33,39,6.85,87.02,88.59,1
25,23,1217,50.63,143.66,143,40,36,7.11,63.18,76.54,0
30,32,1414,54.28,164.57,122,50,49,6.86,100.0,90.65,1
32,57,2476,38.38,147.25,291,86,32,6.8,82.14,50.04,0
25,26,1309,45.38,124.8,104,42,19,6.89,60.58,76.76,1
25,16,737,53.44,144.97,88,33,27,7.31,100.0,85.51,1
29,32,1185,32.36,147.61,85,30,30,7.92,89.32,89.24,1
25,29,939,29.42,129.3,94,30,18,8.2,50.74,60.67,0
32,49,2040,41.5,134.12,202,65,44,8.5,66.1,89.38,0
32,56,2235,36.4,137.17,157,87,39,7.2,89.29,78.44,1
31,47,1639,43.5,116.77,122,79,44,7.43,30.05,62.42,0
19,10,540,54.04,150.15,60,19,55,7.82,73.24,90.79,1
23,15,599,37.84,115.43,70,18,67,9.43,75.8,62.26,0
19,10,434,50.51,155.97,33,12,47,7.88,100.0,76.43,1
34,54,2323,35.88,125.18,159,70,35,9.63,49.73,78.57,0
33,46,1715,43.05,132.95,132,54,49,8.7,53.84,62.24,0
22,13,325,30.58,136.31,22,8,49,7.57,54.81,75.65,0
21,10,424,43.71,118.08,30,16,27,7.85,49.08,64.96,0
28,27,873,40.0,112.61,69,22,29,8.12,79.31,80.88,1
27,38,1534,47.06,149.06,117,64,14,6.54,72.17,73.15,1
24,24,1244,50.97,132.87,91,40,6,6.62,56.38,61.41,0
19,10,516,48.7,150.33,43,24,57,7.35,40.19,67.53,1
34,50,1962,38.94,121.61,207,52,16,7.58,48.15,77.56,0
34,46,1568,34.12,111.73,179,47,14,9.29,42.72,65.82,0
26,29,977,33.28,148.57,107,28,30,6.92,74.21,81.01,1
20,10,655,60.0,148.14,47,24,27,8.11,79.13,79.07,1
30,38,1382,44.82,126.79,100,57,36,7.82,69.95,66.13,0
26,34,2110,55.01,138.22,188,77,51,7.56,59.62,51.97,0
18,10,360,33.97,121.09,29,13,20,7.91,37.1,78.66,0
32,44,2472,46.96,141.61,290,114,54,6.66,89.95,74.13,1
20,12,419,31.14,143.83,49,11,32,8.59,48.85,64.46,0
19,10,622,52.32,137.93,70,21,31,7.77,39.78,84.1,1
20,12,463,45.72,139.82,35,15,23,7.54,51.1,74.6,0
18,10,510,46.52,115.67,61,13,36,8.52,45.01,58.17,0
33,47,1928,48.99,145.68,134,57,42,7.73,94.8,71.78,1
32,40,1886,54.47,168.76,205,48,70,6.26,94.56,86.15,1
21,10,635,57.87,170.0,55,19,51,6.82,83.56,87.15,1
34,46,2138,47.43,135.62,189,65,0,0.0,59.64,54.52,0
34,56,1855,32.97,112.75,184,48,9,8.03,47.72,71.52,0
24,22,1014,39.98,125.55,79,40,15,6.87,43.44,78.42,0
24,30,1694,52.97,150.5,124,50,43,6.35,75.16,88.04,1
29,30,1371,48.38,150.28,112,67,56,7.77,76.44,93.48,1
24,28,894,39.69,141.56,81,34,70,7.01,52.49,75.61,1
23,24,832,37.59,108.46,61,28,31,8.91,60.46,41.21,0
29,46,1559,32.58,133.7,120,46,19,6.96,46.63,88.73,1
18,10,341,35.44,136.99,33,10,21,6.58,67.95,55.85,0
29,39,1790,49.63,153.04,198,60,42,6.93,59.35,70.15,1
20,14,336,25.21,132.49,32,10,28,8.35,49.12,57.49,0
19,10,445,41.15,118.2,48,14,6,8.75,62.17,56.07,0
18,10,504,52.47,135.58,33,13,68,8.46,52.05,71.86,1
22,18,823,53.62,155.22,67,25,38,4.78,100.0,94.06,1
26,35,1439,39.72,132.15,135,55,26,8.43,54.41,76.89,0
32,51,1873,37.39,134.63,168,58,46,8.22,61.63,68.25,0
25,31,1355,43.55,148.87,109,35,48,7.46,64.58,72.49,1
28,42,2210,56.39,136.02,168,72,27,7.4,74.36,73.36,0
30,47,2007,40.85,136.03,232,67,34,7.68,72.35,72.11,0
23,13,559,53.61,135.52,64,14,16,8.19,77.98,71.71,0
23,10,407,44.66,128.92,29,10,17,8.51,47.96,57.65,0
24,20,871,46.18,121.07,69,38,31,8.54,62.93,73.13,0
25,25,1041,45.2,162.72,103,33,45,5.94,100.0,77.93,1
31,53,2443,54.82,159.97,262,68,54,8.29,79.16,72.05,1
25,14,661,50.06,145.74,66,17,29,8.39,55.71,67.52,1
32,57,1259,26.11,116.64,151,40,14,8.22,57.63,70.38,0
22,23,1048,43.12,130.72,125,38,32,7.3,88.07,79.65,1
26,27,1320,47.92,133.47,120,38,51,6.99,70.01,81.39,1
21,14,863,56.3,128.76,84,26,25,8.57,89.01,84.18,1
18,10,369,32.6,113.38,45,13,23,7.0,29.17,66.02,0
34,64,1757,27.96,117.74,178,72,5,8.02,20.0,61.39,0
32,55,2116,40.98,131.19,199,105,48,6.27,68.46,89.06,1
25,18,756,51.01,145.66,59,23,70,9.16,77.15,72.59,1
28,44,1642,43.58,133.55,132,46,19,7.58,62.22,70.49,1
32,42,2442,53.35,151.96,207,115,42,8.33,79.72,75.59,1
22,13,563,36.77,140.0,38,17,21,7.22,71.92,95.63,1
23,16,634,43.87,164.01,57,19,54,6.69,100.0,95.05,1
23,11,460,42.26,128.74,35,18,48,8.91,46.09,70.67,0
29,28,1086,35.55,125.43,125,38,27,7.43,76.95,83.34,1
30,32,1605,60.0,115.76,195,75,3,7.39,89.3,64.43,0
21,17,542,35.87,153.44,49,15,28,5.25,92.88,88.8,1
29,43,2167,45.32,139.93,191,72,51,5.6,87.68,97.93,1
24,11,353,32.68,115.91,40,9,22,7.21,76.13,73.65,0
21,10,406,49.89,158.77,45,11,31,7.03,75.18,67.41,1
20,14,454,29.44,135.15,37,11,51,7.53,35.99,50.81,0
31,38,1207,36.97,138.57,113,42,40,5.65,79.57,95.1,1
34,58,2160,37.05,154.16,186,78,42,8.17,62.66,75.97,1
23,25,1560,55.59,155.19,166,57,46,7.8,74.02,88.72,1
18,10,458,56.87,153.22,33,20,32,7.78,24.45,84.65,1
19,10,649,54.72,138.59,77,21,52,7.37,86.42,97.61,1
20,16,699,41.65,144.87,68,19,51,6.62,68.14,82.85,1
31,47,2455,51.25,138.14,245,93,51,6.19,59.87,73.71,1
31,47,2167,43.06,141.0,254,89,32,7.15,65.37,81.66,1
24,23,838,40.02,121.81,84,29,12,7.64,58.6,74.46,0
26,22,1118,46.4,143.42,90,36,70,6.13,88.22,90.91,1
24,14,820,57.4,133.8,65,24,50,5.55,59.13,75.59,1
23,13,660,49.07,162.52,51,19,51,6.47,72.72,89.1,1
21,19,943,47.43,135.71,71,38,31,9.46,74.46,62.88,0
32,44,2141,46.57,143.51,171,86,24,7.47,45.59,64.27,0
34,62,2622,43.61,135.85,275,82,8,8.58,65.5,81.8,1
21,19,924,44.45,129.56,79,43,48,7.82,79.42,93.91,1
23,23,1155,47.62,129.41,83,38,13,7.75,75.85,67.84,0
28,36,1473,50.45,135.3,155,57,0,0.0,40.66,60.37,0
33,52,2656,45.51,151.8,329,69,57,8.9,89.47,77.35,1
30,38,1062,24.31,101.02,121,38,20,10.0,45.12,52.98,0
27,39,1521,42.48,134.26,135,53,34,6.69,41.48,73.7,1
33,44,2102,57.34,160.2,258,90,39,7.27,69.73,87.21,1
21,10,332,36.64,120.62,32,9,16,8.13,39.02,59.56,0
26,26,1182,52.34,112.59,102,41,37,8.36,80.78,83.17,1
34,55,1768,38.03,123.84,132,52,30,8.49,59.93,62.47,0
28,26,1406,60.0,138.39,174,40,61,7.07,100.0,95.23,1
29,35,1897,47.02,136.91,168,88,30,8.5,90.44,79.11,1
33,46,2104,40.16,124.82,178,53,40,5.13,66.15,60.3,0
31,42,1702,38.15,125.75,131,84,22,8.47,45.09,82.55,0
34,53,1698,31.44,126.04,145,62,40,8.76,24.69,79.35,0
26,24,1146,49.09,116.1,85,30,4,9.34,48.06,70.83,0
29,37,1233,37.18,147.52,129,43,34,8.25,60.02,64.67,1
34,51,2305,48.62,115.05,233,96,33,7.05,63.85,65.12,0
21,16,624,45.34,155.95,65,21,29,5.83,85.87,87.25,1
33,48,2492,50.39,152.5,294,113,49,7.79,75.61,77.11,1
27,21,1492,60.0,130.17,104,40,34,7.24,59.12,66.62,1
23,10,379,37.81,135.42,47,9,24,6.08,68.23,62.24,0
21,20,575,32.27,135.09,47,14,17,8.74,30.63,72.68,0
29,38,1614,36.02,118.85,116,59,32,8.39,58.68,57.97,0
26,30,1519,57.43,145.9,183,48,46,7.2,69.82,91.39,1
18,10,392,40.83,145.74,43,12,70,7.82,74.53,64.1,1
28,36,1153,38.42,131.84,94,30,35,8.36,60.9,65.74,0
32,52,2385,42.61,152.13,195,73,26,7.04,64.38,70.4,1
29,44,1468,36.77,118.96,168,62,0,0.0,49.57,48.34,0
25,18,522,31.52,136.5,35,22,32,8.02,38.25,54.74,0
28,36,1180,38.23,126.77,95,46,69,7.01,61.88,69.32,0
27,37,1592,41.8,128.89,125,44,26,8.29,88.97,68.8,0
34,61,3286,50.13,122.92,260,147,70,6.73,100.0,91.65,1
24,20,837,40.58,141.49,73,25,38,6.08,72.3,62.06,1
23,10,407,42.33,148.84,28,12,61,8.29,90.37,86.34,1
23,14,792,49.71,168.82,58,33,31,7.25,97.15,83.64,1
24,22,893,42.74,146.49,92,35,37,6.12,90.25,70.43,1
25,32,1246,39.47,130.8,93,53,0,0.0,67.77,83.59,1
34,60,2497,38.91,136.33,187,119,10,8.36,54.47,85.9,0
29,38,1691,54.95,110.7,151,68,33,7.94,83.49,65.7,0
25,32,1251,44.23,141.68,105,33,4,7.0,78.37,72.18,0
25,30,1398,51.43,123.94,113,41,32,8.53,41.65,73.09,0
22,21,857,34.13,140.27,84,31,27,7.04,70.43,82.54,0
25,25,804,29.68,113.0,81,29,16,8.68,49.66,59.28,0
20,10,584,56.73,130.67,40,16,17,9.17,74.97,79.38,0
29,46,1848,45.99,156.64,177,64,30,7.34,63.49,73.09,1
23,21,1131,57.17,167.2,135,46,45,6.55,65.41,98.0,1
25,22,1176,54.24,160.08,133,29,33,8.06,100.0,92.51,1
28,35,1107,33.7,147.64,132,52,30,8.98,73.11,82.63,1
18,10,420,36.32,147.79,30,18,38,7.37,77.63,75.14,1
30,33,905,28.8,100.55,66,24,15,5.82,49.22,71.61,0
23,21,846,43.6,138.39,86,25,37,5.98,60.54,82.66,1
31,52,1846,43.43,139.33,143,55,51,6.08,100.0,83.58,1
24,16,449,26.4,125.93,52,16,14,7.5,44.48,83.39,0
33,43,1248,32.52,128.91,108,36,33,8.33,61.9,79.02,0
27,27,1040,48.0,110.51,71,42,34,8.35,20.0,62.9,0
23,12,498,40.4,143.78,48,23,52,7.09,32.1,70.06,0
23,16,736,41.37,146.13,49,30,70,4.86,71.06,76.67,1
26,21,714,34.84,94.11,52,20,6,9.32,47.11,48.37,0
27,26,718,33.67,135.58,86,22,40,7.43,53.09,66.37,0
33,42,1514,37.59,144.69,102,49,46,6.67,65.13,66.42,0
32,49,1920,43.36,128.85,222,88,20,6.04,67.78,69.87,1
33,49,2587,53.14,148.2,201,83,29,6.59,89.12,89.77,1
23,14,632,43.69,131.14,60,17,30,6.15,69.5,81.26,1
32,44,1640,32.99,108.26,129,44,6,7.81,57.15,48.76,0
21,10,473,47.97,136.24,38,16,37,6.25,78.91,60.55,0
34,56,1801,37.78,127.63,207,56,1,8.05,29.85,59.28,0
18,10,128,15.53,133.02,12,5,63,7.03,60.94,66.64,0
27,35,1305,45.27,118.73,146,40,17,8.83,48.53,76.0,0
25,17,786,46.57,144.47,58,23,44,7.15,72.44,84.18,1
19,10,442,53.44,163.67,51,13,55,6.53,92.01,98.0,1
21,20,736,35.19,133.1,60,29,17,7.82,58.81,70.58,0
22,17,903,51.99,154.36,86,39,37,8.07,83.47,61.2,1
25,20,594,35.51,139.6,43,15,33,8.85,57.18,58.63,0
19,10,286,34.22,131.93,30,7,55,5.21,64.44,68.27,1
32,45,2205,51.82,160.38,167,66,53,7.15,83.66,98.0,1
26,34,1203,38.36,123.36,105,33,13,7.35,65.85,69.87,0
28,30,1474,60.0,155.24,146,38,41,5.41,100.0,76.82,1
23,12,568,50.08,121.92,45,19,42,6.64,89.94,79.73,1
22,10,352,37.78,110.49,27,12,32,8.21,32.44,60.16,0
28,32,1801,60.0,154.7,131,61,44,6.18,99.65,70.16,1
23,15,745,44.15,131.64,51,22,37,9.61,96.97,70.0,1
23,24,855,34.03,124.77,66,35,26,7.43,54.03,67.73,0
28,36,962,31.06,124.47,87,30,19,8.39,63.42,56.2,0
21,10,533,57.76,144.61,56,15,28,5.42,84.1,93.62,1
22,12,506,52.45,154.11,52,16,36,8.05,100.0,93.03,1
24,18,562,35.27,112.8,50,26,26,8.65,37.71,64.72,0
19,10,483,40.87,129.26,40,15,45,8.87,46.39,39.72,0
26,18,798,39.09,126.37,67,29,29,7.55,36.21,68.96,0
29,36,1097,35.52,112.03,95,51,31,7.41,100.0,88.55,1
30,51,2034,34.36,119.81,174,70,40,6.32,62.5,70.33,0
29,48,721,18.26,120.27,56,20,24,8.24,44.46,42.88,0
32,47,1860,46.79,148.54,162,79,30,7.3,64.89,67.93,0
30,41,1645,35.45,130.77,171,58,30,7.66,52.69,81.22,1
29,43,2682,54.41,117.38,318,79,28,6.61,70.17,76.41,0
33,55,2013,38.88,94.99,198,58,0,0.0,58.22,48.26,0
30,43,2573,58.22,131.42,271,73,17,7.17,79.72,98.0,1
33,53,2786,48.06,123.04,227,93,25,7.07,81.87,73.82,0
26,21,736,41.93,146.39,71,33,50,6.92,67.84,87.87,1
18,10,501,43.29,145.85,53,24,28,8.98,57.6,37.06,0
33,48,2692,50.26,129.58,251,93,28,8.89,51.97,70.6,1
23,19,949,52.07,140.21,69,46,65,7.86,80.47,79.45,1
32,52,2096,49.18,139.17,217,55,26,6.86,66.17,77.7,0
27,38,2236,53.32,127.96,219,79,35,8.04,65.16,57.33,0
29,29,1074,43.12,165.31,113,40,60,5.98,65.4,73.9,1
32,57,3451,54.74,157.44,383,104,42,6.85,81.17,98.0,1
25,30,1556,44.33,138.94,110,43,19,7.87,56.69,98.0,1
23,21,739,41.54,112.12,72,20,28,7.96,63.65,92.04,0
25,31,1788,54.49,157.61,144,54,44,7.72,73.19,76.38,1
18,10,388,38.06,141.53,41,11,66,7.98,63.36,64.76,0
20,11,580,48.38,161.07,65,20,37,7.04,98.93,93.41,1
21,10,604,50.48,151.97,42,24,14,7.56,68.65,77.55,1
23,10,335,33.19,127.94,29,11,29,8.0,29.11,81.63,0
28,34,1884,53.37,136.44,125,65,35,7.71,49.91,82.26,1
26,29,1029,32.49,102.56,72,29,32,8.87,45.37,64.03,0
21,10,243,28.9,110.17,29,6,43,7.59,70.47,70.64,0
24,27,693,25.33,131.35,83,19,27,8.44,60.64,64.55,0
23,12,333,34.57,116.16,30,13,10,9.31,23.46,67.16,0
32,42,1296,31.64,117.56,87,35,5,8.27,47.49,55.7,0
18,10,437,50.58,149.99,32,19,31,7.08,75.78,77.02,1
23,10,493,42.02,138.56,34,13,37,7.18,75.36,92.68,1
24,21,764,41.49,153.53,68,20,18,9.04,91.17,81.85,1
23,23,1075,40.96,120.96,122,31,42,9.07,45.36,73.54,0
33,62,2828,52.03,130.0,313,72,50,7.98,81.98,57.63,1
31,48,1861,37.99,135.25,191,65,44,7.71,71.37,75.65,0
29,40,1460,36.98,151.8,107,61,53,6.46,61.39,79.68,1
22,11,498,39.77,117.37,46,19,33,7.23,62.62,53.29,0
34,49,2513,50.6,163.26,268,107,36,7.61,82.99,92.63,1
21,19,763,45.14,155.6,57,19,17,5.29,100.0,82.77,1
34,54,1354,22.7,124.53,98,50,43,7.75,53.65,72.07,0
24,17,619,45.13,142.37,73,22,65,6.09,83.68,80.31,1
23,20,1083,59.1,152.63,81,36,36,4.5,80.19,97.19,1
30,44,1796,49.71,147.56,220,66,39,6.56,83.23,45.32,1
33,53,2216,37.75,111.67,149,70,39,7.06,62.51,63.39,0
25,23,712,35.51,127.71,64,30,36,7.99,72.55,74.22,0
32,41,2372,53.49,136.46,163,68,29,5.92,100.0,95.19,1
31,46,1680,42.01,131.35,129,49,24,8.14,58.39,56.06,0
19,10,336,41.58,150.67,34,11,28,6.77,76.19,60.32,1
33,46,2144,51.2,142.81,180,79,67,5.32,65.69,72.61,1
23,24,792,40.02,143.91,77,23,17,7.07,67.36,67.49,1
18,10,316,28.59,127.02,37,10,8,8.76,68.73,69.14,0
32,47,1807,41.21,127.75,177,81,19,7.41,85.4,88.62,0
21,17,837,56.76,140.86,96,29,32,5.72,100.0,81.35,1
30,38,1954,44.25,122.13,147,63,40,8.18,71.3,69.79,1
25,29,1488,47.18,126.52,150,56,31,7.66,64.54,54.49,0
24,26,1049,40.79,158.76,109,32,40,6.78,91.18,77.02,1
24,15,551,35.86,120.28,67,26,45,9.26,42.34,56.74,0
33,43,863,23.68,134.56,58,36,21,5.05,80.52,85.04,0
24,25,1083,45.39,161.77,108,41,48,7.77,85.76,89.79,1
20,10,394,43.35,136.95,32,13,23,7.28,86.45,73.15,0
22,10,465,43.52,154.55,57,17,51,7.93,55.09,78.63,1
19,12,402,36.26,114.85,34,10,0,0.0,63.92,56.95,0
32,53,2624,44.91,129.23,204,70,38,8.12,54.18,48.58,0
32,55,2142,36.74,121.2,174,91,28,9.44,33.83,79.36,0
30,36,1721,51.33,132.26,205,59,21,6.35,66.43,71.3,1
18,10,561,56.86,129.09,45,19,39,7.32,59.75,69.37,1
34,65,3112,48.12,128.66,212,147,54,7.23,79.93,82.28,1
32,44,1128,29.75,126.65,101,37,33,6.87,40.0,62.37,0
30,49,2281,49.6,121.3,168,70,26,8.45,27.66,54.79,0
26,18,1294,60.0,152.63,129,42,60,4.52,71.32,98.0,1
30,33,1534,43.56,141.39,171,41,41,5.28,70.23,77.83,1
18,10,412,47.29,121.03,35,11,22,8.02,66.86,63.43,0
24,28,1021,38.19,114.86,114,40,53,8.3,61.17,73.55,0
22,14,451,37.31,147.01,48,17,29,7.16,75.81,81.97,1
21,16,771,43.38,124.95,66,23,22,8.96,59.73,84.0,0
19,10,207,25.58,149.76,14,7,25,7.19,72.29,76.56,0
27,23,1078,40.75,124.24,124,31,43,6.98,49.86,60.78,0
23,27,1140,36.96,112.14,81,41,24,7.05,35.37,76.44,0
20,10,379,44.34,142.11,27,10,43,6.21,79.61,94.07,1
25,23,1001,42.73,111.57,76,34,22,8.59,20.0,40.77,0
30,38,1518,40.54,117.39,169,39,35,8.39,42.18,59.46,0
19,11,506,41.67,128.22,51,14,25,8.09,96.73,74.46,1
22,12,572,42.64,111.65,62,25,0,0.0,62.41,59.18,0
22,16,737,54.57,158.7,88,29,41,6.08,86.3,94.14,1
19,12,613,44.73,146.17,66,21,38,8.6,31.0,85.02,1
28,25,1306,49.36,143.02,146,39,23,7.57,69.1,81.2,0
29,40,2132,45.23,149.55,214,76,37,6.88,84.64,97.6,1
33,49,1608,30.22,137.77,162,61,41,6.55,88.77,90.12,1
32,56,2522,39.91,118.76,259,88,24,7.78,35.31,75.52,1
23,10,275,32.97,130.71,20,8,13,7.81,49.67,36.62,0
33,53,2437,50.86,145.91,175,71,48,7.64,79.19,82.84,1
27,28,1232,50.38,143.03,140,33,62,8.53,71.3,79.24,1
19,10,493,53.32,149.3,33,23,17,6.16,81.91,88.13,1
31,50,1938,48.11,125.68,134,49,24,6.84,68.96,68.7,1
32,42,1823,44.35,135.46,168,45,42,6.99,76.19,56.21,0
27,22,698,36.16,137.07,47,28,4,8.51,57.1,58.55,0
30,38,2384,56.11,149.68,265,105,33,5.66,80.58,89.11,1
21,10,590,55.02,128.58,47,23,35,6.81,100.0,81.68,1
26,26,1403,50.25,126.75,146,61,30,7.17,60.16,73.74,1
26,33,1423,44.24,149.2,139,40,38,7.19,59.06,97.31,1
21,18,850,44.06,121.71,84,29,16,7.8,37.64,73.91,0
23,10,447,42.03,141.83,30,11,55,7.48,58.23,65.66,1
29,44,1597,37.52,122.68,137,46,15,8.18,44.69,64.43,0
29,44,1486,32.34,115.33,99,54,25,9.45,41.06,63.07,0
20,16,611,36.81,151.31,43,21,29,8.92,66.85,88.19,1
21,10,446,44.5,142.57,48,11,63,6.5,72.42,96.52,1
27,36,1755,40.88,129.79,164,74,41,6.81,71.96,69.16,1
22,15,528,42.89,120.86,40,25,21,8.92,35.87,48.21,0
34,57,1503,30.08,122.52,133,60,50,8.63,20.0,41.63,0
23,17,691,47.32,147.87,47,23,28,6.45,72.97,87.7,1
30,50,1999,37.99,131.79,153,69,46,7.99,63.18,67.98,0
29,30,913,34.43,127.4,94,35,10,7.12,77.26,83.36,0
19,10,357,44.02,137.56,40,10,43,7.81,62.97,84.19,0
18,10,534,46.14,149.88,37,24,29,7.72,75.85,95.71,1
26,36,1551,47.4,142.54,143,39,34,7.58,53.12,80.06,1
19,10,461,43.24,170.0,51,13,40,5.54,100.0,98.0,1
22,21,919,52.79,126.25,74,36,41,7.95,72.28,73.95,1
22,13,450,41.47,144.53,41,12,32,6.96,100.0,97.36,1
30,51,1988,42.01,132.78,149,55,21,6.61,65.29,64.3,0
22,10,209,24.86,113.76,18,5,19,9.04,51.97,62.38,0
24,17,835,47.46,130.35,57,24,22,8.1,80.81,73.54,1
21,20,1030,52.63,162.35,108,30,44,7.1,91.78,98.0,1
28,32,1074,38.06,124.4,82,52,26,8.94,50.09,85.76,0
18,10,288,33.08,154.89,20,10,20,6.97,66.47,77.78,0
21,10,284,31.32,136.38,21,8,45,7.14,70.53,74.5,1
20,10,374,44.3,138.06,30,11,37,7.28,88.44,80.53,1
32,51,1646,32.66,122.58,110,47,45,8.11,60.66,67.47,0
31,45,1622,43.95,131.96,192,68,18,8.14,74.36,91.02,0
29,28,1066,43.18,138.09,89,32,19,7.33,65.41,68.76,0
34,47,1356,33.25,128.44,144,51,0,0.0,73.28,65.4,0
24,13,383,35.26,134.09,43,15,21,7.69,68.37,72.72,1
24,19,855,46.86,139.05,102,28,15,7.27,75.72,65.21,1
21,15,447,34.65,129.13,32,13,17,6.95,31.23,48.32,0
23,27,1058,38.39,133.13,114,38,36,7.81,87.57,83.13,1
28,33,2134,59.24,135.44,185,75,33,6.7,70.68,75.21,1
32,45,2336,48.74,145.03,168,96,53,7.12,75.88,98.0,1
23,10,463,56.09,134.41,39,14,22,7.7,91.67,82.19,1
29,39,1727,45.3,146.66,192,78,31,6.32,100.0,80.62,1
26,20,1078,46.79,134.98,103,49,18,8.52,77.3,69.04,1
28,37,1796,51.37,134.76,147,48,30,7.65,43.69,66.07,0
33,48,1616,40.4,140.4,126,47,30,6.91,54.29,88.15,1
26,37,746,20.1,109.97,76,21,47,7.89,20.0,59.82,0
21,18,712,35.27,133.78,51,19,54,7.1,73.94,82.11,0
33,51,1898,41.23,129.71,139,58,46,6.72,62.01,98.0,1
27,34,1594,46.34,133.67,194,63,65,6.93,68.34,81.32,1
22,20,924,53.96,170.0,83,29,65,6.65,76.37,96.2,1
27,30,1874,58.72,150.02,160,91,16,6.38,89.56,84.5,1
29,32,1515,43.3,123.46,111,59,32,8.74,42.72,67.27,0
22,22,727,28.1,125.91,51,23,24,9.67,60.82,61.59,0
33,56,1848,38.49,115.2,123,56,33,6.46,62.01,51.55,0
29,45,1914,44.21,126.88,230,71,41,6.79,62.97,54.73,0
34,61,2595,39.2,137.74,179,85,27,7.96,60.52,67.26,0
25,26,1332,53.74,121.4,121,38,1,8.75,58.66,62.13,0
21,10,384,32.45,118.93,31,9,4,7.02,57.1,59.59,0
30,49,2489,45.37,146.84,215,100,46,7.78,86.51,85.76,1
19,12,344,34.5,134.55,32,9,40,7.48,58.44,74.76,0
23,10,397,40.35,130.32,32,16,29,6.1,71.07,72.66,0
23,10,301,37.52,117.45,22,8,43,7.04,57.35,98.0,1
21,19,599,36.6,122.64,57,17,0,0.0,67.08,58.05,0
24,11,521,50.01,142.49,43,13,44,6.5,78.56,86.56,1
18,10,223,21.36,119.69,19,8,12,8.18,34.97,69.92,0
25,25,674,31.85,149.93,75,21,31,7.82,69.51,88.11,1
30,33,1540,48.17,142.83,163,58,61,9.32,98.62,85.4,1
20,10,424,41.56,143.29,32,15,41,6.61,78.59,85.2,1
26,36,2297,57.11,150.77,200,60,44,6.01,100.0,98.0,1
27,25,804,33.41,128.53,73,25,2,8.32,37.7,43.43,0
18,10,460,41.76,117.05,44,13,37,8.48,56.37,78.07,1
22,10,479,41.72,141.97,57,18,33,8.27,64.04,90.97,0
34,46,2063,40.19,120.93,216,61,33,7.79,47.52,64.62,1
18,10,434,45.64,158.86,42,14,70,7.45,100.0,90.05,1
29,31,1428,39.9,133.41,100,40,25,7.28,87.81,98.0,1
25,16,409,29.64,128.22,34,10,31,6.9,55.03,72.94,0
18,10,520,50.3,150.55,56,13,16,7.2,58.02,72.03,0
19,13,397,33.49,121.29,29,10,24,8.43,54.49,65.11,0
33,58,2380,40.21,132.43,195,93,8,9.25,25.4,59.77,0
19,10,396,41.35,141.98,38,13,19,7.51,50.1,76.42,0
28,37,1725,39.42,134.0,125,55,35,8.0,24.04,71.31,0
33,52,1993,38.02,126.05,134,50,38,7.24,56.52,86.7,0
29,47,1949,35.33,136.96,184,70,13,8.09,49.85,50.79,0
28,44,1162,29.67,106.19,80,30,43,6.54,44.45,66.87,0
24,12,453,43.39,140.92,37,11,12,6.58,60.47,68.12,1
19,10,303,33.44,132.73,22,12,26,5.77,73.31,65.57,1
33,52,1805,31.5,130.94,158,81,26,7.97,86.29,79.28,0
25,15,481,32.3,140.94,44,12,21,7.09,67.29,73.53,0
25,27,809,34.5,117.27,57,21,29,9.75,53.25,66.95,0
21,13,668,52.93,156.19,75,17,7,7.02,65.76,75.69,1
30,48,2854,53.8,139.27,318,116,23,7.4,76.38,72.99,0
25,16,856,58.34,151.86,80,28,70,6.17,74.2,98.0,1
27,33,1319,36.37,124.36,95,37,49,8.63,41.81,41.16,0
31,42,2375,50.45,135.38,227,70,17,5.48,79.82,69.19,1
18,10,487,51.29,149.13,41,24,57,6.48,72.31,73.95,1
20,10,386,41.83,117.17,27,11,16,7.7,65.58,57.3,0
21,10,648,56.66,137.03,44,16,69,7.76,86.8,72.2,1
28,37,1674,44.78,111.85,115,56,5,8.22,56.55,56.8,0
18,10,470,44.7,125.64,42,17,2,6.58,55.25,61.14,0
27,25,819,32.72,109.58,88,26,40,9.65,46.57,68.29,0
32,48,2479,46.86,133.39,222,118,29,6.93,87.45,63.99,0
32,43,1101,26.51,130.1,84,28,4,7.74,54.27,57.6,0
21,10,493,47.73,147.64,57,13,38,7.11,73.12,96.03,1
28,40,1266,39.49,135.95,87,52,36,8.96,75.6,66.36,0
19,12,602,47.96,169.53,44,27,28,7.21,100.0,92.04,1
28,31,1184,33.34,139.68,102,41,51,9.06,53.29,68.1,0
30,48,2328,40.94,150.4,185,79,31,5.9,63.01,68.29,1
21,10,426,42.58,132.62,34,13,44,4.8,26.42,76.26,0
21,10,353,41.85,138.75,24,14,19,6.84,78.89,77.21,1
24,20,651,31.16,112.24,54,18,15,7.55,26.05,57.99,0
33,43,1713,46.49,126.59,133,73,44,9.05,76.85,68.34,0
22,10,605,53.08,148.15,42,23,34,7.76,82.91,76.05,1
32,58,2545,39.97,138.88,297,121,14,6.04,47.92,49.0,0
22,10,228,27.1,134.41,16,7,22,8.64,30.7,55.15,0
23,10,392,37.15,102.33,44,13,14,8.95,35.02,30.31,0
29,29,1175,47.1,122.12,105,33,15,7.94,25.19,63.92,0
29,39,1510,44.23,162.84,125,62,26,5.22,74.79,87.08,1
27,37,1675,53.21,138.73,189,51,50,8.05,56.01,56.24,1
20,10,576,58.77,144.03,48,15,58,4.57,97.5,95.63,1
26,29,1195,48.58,146.13,139,39,53,6.18,62.65,60.31,0
25,30,1254,36.11,136.73,153,46,43,7.25,79.12,56.16,0
33,58,1644,31.51,140.64,194,48,5,8.75,72.57,80.98,1
21,10,303,32.17,117.25,26,11,10,8.82,43.66,58.91,0
20,10,445,46.6,135.1,40,15,23,7.13,79.72,66.46,1
18,10,361,39.62,141.2,40,11,30,5.84,72.84,76.23,1
20,13,671,44.66,153.48,59,20,28,6.99,77.41,88.92,1
31,45,1876,43.73,141.83,135,56,10,6.17,60.65,57.6,0
22,10,519,48.69,157.77,64,13,10,6.46,80.24,57.57,1
30,40,1531,34.1,125.72,174,54,38,8.35,87.06,71.47,0
24,21,768,34.11,90.14,78,20,0,0.0,27.9,60.82,0
33,62,3618,52.36,142.23,430,132,70,7.69,55.32,66.79,1
20,11,499,47.6,134.0,36,21,18,7.45,45.72,47.69,0
24,14,460,29.69,107.79,42,13,9,9.4,29.62,39.2,0
21,17,604,39.78,109.67,50,16,55,8.01,54.86,68.51,0
24,25,1033,48.09,132.52,78,51,34,6.6,70.34,47.94,0
18,10,510,46.76,141.2,43,23,62,7.74,57.29,68.36,1
33,60,1876,33.69,136.55,147,78,7,8.76,71.18,70.12,0
33,60,2112,32.07,114.17,142,73,19,8.03,46.92,46.7,0
26,32,1778,57.74,135.84,202,56,41,6.54,67.38,79.32,1
30,38,1860,48.67,129.08,197,70,26,6.48,73.23,86.49,1
28,41,2002,49.3,145.28,160,96,53,7.99,80.66,85.93,1
33,57,1642,31.03,109.0,110,41,23,9.23,47.84,43.91,0
18,10,361,43.21,142.95,26,10,15,6.56,60.21,96.34,1
21,12,450,44.7,130.83,54,14,14,8.59,44.95,77.96,0
32,39,1660,43.67,142.13,166,52,25,7.65,70.89,72.16,1
18,10,419,41.22,134.23,35,18,26,7.99,60.93,74.4,0
25,16,489,31.05,131.46,40,20,14,8.83,41.69,75.88,0
26,34,1647,40.91,125.98,134,52,36,8.6,64.65,81.74,0
24,23,867,37.67,122.22,66,34,15,6.38,71.05,67.96,1
30,50,1974,43.05,121.67,182,53,46,9.36,77.8,58.73,1
18,10,468,51.8,144.19,56,20,43,7.95,58.2,66.13,1
22,15,628,35.49,148.81,53,18,21,8.64,79.63,72.61,0
29,47,2632,48.68,118.18,288,90,57,8.26,48.92,70.06,1
20,10,517,45.67,145.01,45,23,57,8.0,68.98,85.82,1
25,24,1320,47.72,131.83,121,51,38,7.01,99.23,68.92,1
29,32,803,24.67,105.13,63,28,34,7.95,20.48,56.67,0
23,22,1048,43.63,127.75,98,26,70,6.87,63.31,98.0,1
20,10,410,45.44,141.72,28,12,56,7.15,56.3,66.02,0
30,41,1285,37.54,124.21,94,38,18,9.42,64.41,57.73,0
26,31,1520,58.96,163.31,104,60,48,6.57,64.58,73.14,1
31,50,2693,44.92,135.45,189,128,65,8.08,68.12,69.01,1
29,47,2005,37.75,118.45,139,53,39,8.19,76.38,77.93,0
24,20,1135,47.59,151.67,91,48,43,7.71,99.64,84.65,1
32,55,2911,53.31,157.92,283,79,30,8.09,86.02,61.58,1
26,31,1220,37.45,129.75,124,47,38,8.94,53.32,60.49,0
34,64,1943,28.19,105.22,234,52,37,9.88,63.25,54.11,0
20,10,297,27.32,119.28,31,11,40,6.33,44.37,72.98,0
19,10,520,49.23,154.11,53,23,61,6.71,67.94,82.87,1
32,55,2451,38.59,136.88,281,70,23,8.26,75.84,72.4,1
29,41,1933,50.64,148.34,137,86,29,4.93,100.0,95.06,1
22,10,352,32.43,127.66,41,13,29,6.57,38.45,56.09,0
27,31,1868,56.17,129.89,147,47,31,9.33,62.73,72.07,1
23,10,334,39.61,118.39,34,9,13,9.41,65.21,53.26,0
21,15,628,45.9,134.64,47,25,57,7.69,85.76,61.77,0
28,44,1785,35.73,120.86,216,58,49,9.87,41.45,54.68,0
22,10,478,49.56,166.22,44,23,39,8.5,99.98,96.3,1
23,13,637,43.42,145.58,73,16,27,7.81,74.75,60.03,1
28,38,2187,48.98,119.61,253,107,25,7.81,89.99,82.31,0
18,10,391,42.81,150.65,40,11,21,7.09,79.83,59.22,1
23,15,534,33.27,100.86,53,16,0,0.0,22.54,35.22,0
30,40,2080,45.23,138.85,152,52,47,6.54,95.68,78.18,1
33,56,2687,46.47,143.22,181,76,47,5.17,71.58,80.87,1
22,10,393,36.65,139.74,37,11,52,7.78,36.34,61.73,0
21,10,417,37.39,136.65,48,17,10,9.04,58.71,69.8,0
31,45,2286,57.07,141.67,279,66,50,7.34,94.55,75.55,1
29,46,2590,50.57,144.43,299,85,41,7.61,44.63,60.49,1
26,18,819,43.99,155.33,61,20,27,8.19,25.46,67.85,1
27,41,1881,52.81,146.05,223,85,29,6.31,64.99,76.66,1
33,56,3147,54.75,163.27,291,122,43,6.3,93.73,79.45,1
28,28,1275,41.21,124.42,92,47,23,8.87,49.64,75.31,0
33,51,2548,47.72,147.14,289,110,25,5.9,60.3,82.57,0
32,49,985,23.28,119.66,94,37,12,8.23,46.39,42.15,0
29,42,2013,52.67,135.35,147,73,49,8.22,42.75,55.91,1
31,44,2140,40.81,114.55,204,73,34,9.06,45.46,46.57,0
22,13,504,42.73,136.79,39,25,22,7.8,59.49,80.47,0
31,39,1806,42.16,108.27,215,58,27,6.95,31.37,57.36,0
24,28,1005,31.58,137.84,106,28,33,9.02,60.15,53.78,0
31,55,1951,44.02,127.83,204,76,19,7.0,50.5,81.72,1
18,10,480,49.69,136.13,46,23,35,7.72,55.53,66.03,1
26,22,1119,43.3,125.03,120,28,28,7.92,55.71,55.97,0
29,39,1459,33.56,136.97,165,53,44,7.67,59.72,79.73,0
24,24,944,40.11,137.81,86,40,58,4.94,96.74,80.57,1
21,10,382,39.75,138.48,31,16,20,7.07,65.57,69.61,0
19,11,533,50.56,135.29,45,14,5,6.52,60.38,74.94,0
32,47,2082,39.17,133.47,226,54,41,8.17,71.54,88.79,1
28,30,1570,44.32,130.69,141,66,25,6.61,55.83,69.2,1
26,19,749,40.05,156.91,66,19,46,7.09,72.09,81.18,1
32,45,1961,54.25,145.68,135,91,25,5.3,100.0,98.0,1
27,39,1412,42.02,158.52,133,53,20,9.09,61.96,72.01,1
31,54,2045,41.58,116.43,145,79,35,9.45,38.44,51.8,0
28,36,1005,29.35,118.55,91,32,32,8.1,50.05,53.42,0
22,22,1125,43.21,170.0,97,50,35,4.5,100.0,98.0,1
27,39,1895,47.56,113.47,159,55,22,7.15,40.86,70.01,0
31,36,1232,39.44,112.68,107,38,22,6.91,47.02,65.73,0
21,13,650,44.83,161.2,80,25,44,5.82,66.77,83.46,1
26,34,845,22.65,103.44,73,39,27,9.16,30.44,32.24,0
20,14,546,39.12,146.62,53,15,45,6.64,96.55,88.78,1
29,45,2023,46.36,132.84,223,55,29,8.15,53.96,47.92,0
19,10,284,29.24,135.62,33,9,58,6.55,51.19,55.93,0
20,10,489,44.09,139.4,35,17,24,6.38,54.53,78.67,1
24,11,475,50.85,132.63,44,20,37,7.02,85.55,72.75,0
29,39,1344,31.09,138.85,128,37,12,7.51,47.03,57.78,0
27,36,668,19.06,121.1,61,29,9,7.31,31.92,60.81,0
29,33,1421,44.59,135.61,106,68,28,7.26,77.6,77.25,1
31,47,2143,46.36,142.07,221,65,57,6.38,78.07,75.22,1
33,55,2005,37.81,123.84,153,66,70,7.45,59.71,63.81,1
19,10,410,50.24,149.53,28,13,70,6.09,83.48,75.6,1
22,10,639,55.86,146.6,51,31,21,9.11,83.12,71.99,0
20,11,558,58.9,153.2,41,14,59,7.05,91.53,92.34,1
30,40,1759,40.36,130.45,136,67,25,7.29,66.84,77.72,0
26,28,933,41.26,112.43,88,30,16,8.02,65.2,65.01,0
29,39,2199,49.83,146.78,197,69,29,7.24,100.0,52.44,1
23,21,1180,51.52,143.37,134,48,27,7.37,95.9,81.46,1
25,32,1079,29.46,121.59,74,41,34,8.16,26.45,60.17,0
19,10,397,38.09,105.67,28,15,26,5.78,24.41,66.04,0
34,57,2461,51.92,163.12,223,79,58,6.21,59.73,89.62,1
28,40,1893,43.81,118.63,136,56,42,5.47,65.64,43.27,0
21,10,528,48.5,126.21,47,16,20,6.22,79.41,89.79,1
18,10,689,60.0,127.82,60,26,45,5.45,60.89,59.04,0
21,16,495,38.28,136.03,42,17,60,7.98,75.46,60.09,1
19,10,407,34.05,131.98,28,15,41,8.11,91.34,43.03,0
31,39,1341,38.17,147.27,116,65,24,9.0,20.0,74.57,0
24,25,901,32.83,105.31,66,25,20,10.0,31.03,51.63,0
30,49,2133,37.88,130.12,241,73,52,7.84,61.8,59.58,0
24,25,819,36.88,118.47,62,21,17,10.0,36.46,63.43,0
20,10,602,59.02,170.0,61,21,60,6.6,100.0,77.66,1
34,50,2929,57.39,143.51,231,110,26,9.4,97.85,87.14,1
27,25,962,40.86,137.17,88,34,60,9.57,51.05,84.12,0
18,10,329,36.8,134.45,27,14,8,7.88,29.96,54.77,0
34,65,2831,47.65,143.73,286,76,23,6.74,65.05,69.46,1
25,14,704,42.02,138.88,73,26,67,9.51,69.71,74.39,1
27,37,1556,40.45,139.03,137,40,22,7.45,42.89,65.12,0
29,33,1704,52.67,160.2,175,47,53,7.57,83.92,65.55,1
21,11,733,57.67,155.81,68,21,33,6.5,95.78,98.0,1
27,37,1704,47.71,138.4,210,46,26,6.56,49.18,63.11,0
31,53,965,22.29,129.53,77,38,48,6.86,56.88,62.88,1
25,17,598,31.34,128.02,71,23,45,7.41,20.0,71.28,0
31,39,2256,48.27,138.51,158,74,35,8.16,39.55,76.55,0
27,34,2146,60.0,170.0,264,69,32,6.39,67.98,98.0,1
25,15,731,50.85,137.45,73,27,45,8.76,91.82,80.0,1
28,41,2347,49.63,152.19,190,82,44,6.77,50.35,65.52,1
31,53,1725,38.08,127.36,162,50,42,6.17,75.89,87.74,1
26,33,1293,46.39,130.31,123,34,30,8.5,54.96,71.43,0
29,32,1372,39.58,146.3,164,64,44,7.82,73.53,66.77,1
33,55,2335,36.32,141.72,278,113,49,7.98,95.87,97.73,1
24,28,1619,49.02,155.21,108,65,32,8.17,100.0,69.2,1
33,50,873,16.82,129.85,101,25,23,8.52,46.61,60.89,0
30,43,1864,42.53,115.09,154,66,41,7.25,71.65,69.56,0
24,18,734,47.46,153.6,65,26,49,6.67,61.29,75.65,1
30,32,972,35.41,125.83,104,26,23,6.21,97.2,65.36,1
27,34,1866,50.55,119.54,142,72,30,6.94,43.62,59.2,1
22,17,659,45.95,148.01,65,20,39,5.09,70.83,78.01,1
23,24,794,39.49,152.87,54,20,21,8.17,85.53,93.84,0
32,40,1311,32.36,144.05,153,38,15,7.94,68.19,60.68,1
34,50,2483,50.38,153.58,167,105,25,7.95,68.18,80.84,1
30,36,1485,49.84,136.77,156,57,18,8.32,42.91,65.83,0
27,38,1722,38.64,137.19,176,52,15,7.65,55.22,58.44,0
32,55,1006,22.75,121.71,90,27,0,0.0,55.91,64.55,0
18,10,257,31.45,123.07,26,10,14,7.74,76.98,79.92,0
21,10,416,43.48,130.63,42,15,19,5.84,77.88,71.03,0
28,32,1437,50.91,141.85,109,42,37,7.35,64.14,85.59,0
23,10,590,50.62,138.51,55,18,8,7.07,82.15,74.02,1
34,46,2068,42.18,145.9,206,86,36,6.9,76.09,88.46,1
27,23,499,18.17,125.45,48,16,29,8.0,68.94,86.44,1
33,46,2826,60.0,144.11,288,111,43,6.67,80.65,77.32,1
30,45,2346,51.86,123.6,193,79,27,8.73,87.61,59.09,0
21,10,361,39.37,138.65,33,9,24,8.41,26.25,59.06,0
20,15,608,46.1,136.73,52,18,33,7.07,82.1,69.7,1
33,42,1586,33.03,137.94,161,64,35,4.5,59.6,83.19,1
21,13,387,32.94,124.24,42,14,28,9.75,58.83,80.62,0
33,45,2650,53.62,145.54,216,78,26,7.66,100.0,85.51,1
30,50,2711,52.64,150.46,181,108,30,7.58,94.2,93.71,1
26,37,1651,47.7,125.03,178,58,31,8.77,75.29,67.34,1
21,10,484,43.71,152.99,56,19,44,7.11,55.39,74.55,1
26,33,1488,39.31,136.42,102,56,26,7.07,90.9,71.23,1
27,27,685,30.48,121.35,68,18,19,6.8,20.0,51.83,0
32,51,2759,48.46,146.98,243,89,43,8.59,64.81,58.17,1
18,10,551,46.0,149.03,40,19,34,7.63,71.41,72.44,1
18,10,539,49.28,138.28,38,13,38,8.11,80.22,90.74,1
22,20,557,34.73,133.21,50,23,39,8.1,51.5,69.2,0
23,11,329,27.55,118.16,27,11,0,0.0,35.25,48.82,0
22,10,426,41.77,159.83,44,17,51,7.71,67.9,75.94,1
26,18,972,46.28,135.65,90,26,15,6.62,62.96,74.85,1
19,10,541,53.23,163.53,66,17,29,7.15,94.06,98.0,1
18,10,635,59.37,152.68,44,18,31,5.82,88.21,89.56,1
21,10,174,18.31,131.97,17,7,45,7.22,80.93,65.39,0
30,47,2250,54.98,148.81,222,84,60,8.31,82.05,86.0,1
32,40,1643,34.82,135.74,132,60,10,8.23,86.75,74.12,1
31,49,1812,37.21,110.0,126,49,19,8.81,33.29,59.78,0
22,10,440,46.47,135.96,52,12,38,9.34,59.2,63.04,0
28,33,1450,39.97,110.34,99,45,34,6.83,80.84,68.17,0
29,41,1876,49.92,153.08,157,85,44,5.78,90.14,78.68,1
25,21,1168,55.36,142.43,130,43,65,7.7,71.59,74.97,1
34,56,1983,36.1,134.28,204,52,35,8.0,79.82,76.06,0
24,15,548,35.76,120.04,43,18,31,8.01,51.19,64.66,0
31,47,1758,31.4,142.21,119,62,16,6.76,56.65,46.83,0
19,10,324,31.91,124.55,25,9,30,9.56,62.6,53.37,1
32,48,1402,36.15,110.56,143,37,15,8.43,44.47,53.38,0
31,35,1773,51.91,126.49,200,59,30,8.56,91.87,70.15,0
31,46,1835,41.6,140.52,148,51,37,8.71,82.59,75.82,1
24,15,646,48.32,131.08,67,16,50,7.87,59.53,65.43,0
24,27,1377,53.04,122.88,123,36,35,6.97,84.16,83.08,1
32,56,1709,31.2,153.03,157,55,12,8.03,68.83,45.69,0
24,20,642,39.79,130.57,45,26,32,8.0,40.4,78.84,0
28,28,1355,43.4,117.15,147,65,19,8.08,37.74,61.01,0
23,21,655,34.17,136.23,67,17,37,8.37,51.32,83.12,1
30,40,2007,51.17,142.23,135,92,63,5.77,74.48,98.0,1
24,21,805,32.3,101.53,88,22,3,9.13,21.68,45.59,0
26,18,745,38.78,134.83,51,20,49,7.56,100.0,82.78,0
26,19,982,47.54,124.36,85,47,19,7.91,74.78,71.85,0
33,50,2204,52.51,155.5,178,96,27,6.77,81.35,82.93,1
30,43,1865,50.34,130.72,191,53,23,8.32,68.39,87.12,1
31,35,1160,37.79,118.15,108,29,23,9.26,80.47,70.95,0
18,10,197,20.47,117.05,20,6,22,9.1,24.87,44.56,0
19,10,470,39.53,119.57,33,19,23,7.92,30.44,76.85,0
33,54,1645,36.76,136.04,121,59,34,6.96,57.61,82.53,0
23,23,1165,48.13,117.48,139,46,13,8.13,61.11,70.18,0
26,24,1067,44.54,137.02,78,36,24,5.64,57.11,85.39,1
18,10,503,44.63,140.33,42,24,70,6.91,100.0,78.79,1
24,26,908,36.14,123.51,76,38,63,6.65,54.75,72.6,0
23,14,708,43.79,153.58,47,21,27,6.43,88.0,68.24,1
28,27,971,39.9,162.78,78,24,20,7.54,80.34,79.54,1
27,30,1392,46.31,124.77,119,35,23,6.72,40.85,69.04,0
18,10,345,32.2,109.4,36,11,14,8.96,51.6,57.68,0
18,10,411,45.83,134.17,50,16,52,7.57,84.92,63.22,1
32,49,1551,35.73,141.42,183,50,34,8.32,68.39,67.07,0
34,52,2169,41.0,149.35,164,63,26,9.59,45.25,90.37,0
23,10,494,45.54,138.14,35,23,52,7.59,68.37,86.84,1
23,16,384,28.57,112.28,31,11,60,8.53,37.28,47.62,0
20,10,437,43.01,161.12,38,19,24,7.65,60.55,61.37,1
18,10,461,44.5,158.82,37,12,41,6.02,93.52,94.05,1
31,44,1764,42.14,125.28,123,87,18,9.97,32.61,53.24,0
20,13,396,33.84,134.21,28,11,55,9.74,50.92,54.89,0
19,10,352,37.88,148.65,24,12,55,6.0,77.29,85.55,1
26,24,1008,44.56,134.81,100,31,27,8.58,26.28,67.45,0
29,38,2031,56.53,143.94,138,70,48,8.09,63.52,64.11,1
18,10,349,34.05,145.13,32,9,40,8.54,74.97,80.37,1
31,44,1668,45.17,97.42,116,68,6,8.16,40.97,39.02,0
24,30,1784,50.86,136.53,204,64,28,7.92,69.87,65.65,1
27,24,1022,44.97,125.22,73,38,22,7.98,56.01,67.05,0
26,36,1822,43.82,129.82,141,65,0,0.0,30.05,60.27,0
18,10,223,23.68,137.51,23,6,47,6.5,48.41,70.97,0
22,11,454,38.91,135.9,55,12,32,6.41,60.55,72.92,0
27,32,1434,40.74,135.15,138,41,46,7.05,84.32,70.08,1
25,29,1159,33.9,120.9,121,28,51,7.78,44.96,70.02,0
33,45,1623,38.91,141.66,154,48,9,5.99,37.38,78.97,1
27,28,1013,41.65,153.48,97,35,55,6.63,71.28,80.48,1
23,18,564,36.22,133.91,55,18,33,7.04,69.15,64.46,0
20,10,440,41.29,150.92,49,15,42,9.01,94.77,92.48,1
23,17,571,33.51,120.04,38,18,13,8.3,44.76,48.64,0
25,31,1931,54.56,142.93,159,51,3,7.21,67.04,76.01,1
28,27,1405,52.9,149.07,159,41,61,8.16,100.0,63.22,1
30,44,2026,40.63,144.66,186,51,28,6.95,48.65,77.86,0
20,10,421,40.36,112.28,46,19,32,8.14,30.42,47.21,0
32,50,2246,45.41,143.61,206,60,13,8.21,40.43,86.74,0
31,44,2790,54.24,159.89,204,113,47,7.13,96.08,85.9,1
24,12,445,41.42,120.66,43,11,12,9.25,37.9,55.89,0
28,43,1435,30.41,133.85,100,37,47,7.11,41.19,49.07,0
23,20,733,37.45,118.72,50,21,63,6.48,75.47,76.55,0
29,35,2181,58.58,134.04,177,58,50,8.17,67.33,83.86,1
25,33,989,35.05,143.54,81,37,45,7.87,81.98,96.42,0
32,48,1814,46.53,124.42,127,86,22,7.57,64.11,62.4,0
20,10,289,35.87,139.87,29,14,57,6.93,85.96,73.12,1
29,44,1652,39.64,137.79,127,79,27,6.93,52.64,60.23,0
25,29,1000,35.6,133.91,102,36,15,7.9,23.17,77.48,0
32,39,1857,40.89,146.53,175,88,43,7.39,49.67,64.16,1
21,11,284,27.14,122.8,25,9,13,8.61,41.26,30.0,0
24,26,1518,54.09,142.32,110,43,33,7.52,72.35,59.96,1
23,13,856,57.57,128.58,58,30,42,6.94,33.36,93.02,1
30,40,1459,45.19,134.54,111,39,16,6.25,84.08,93.01,1
23,15,462,34.17,118.79,36,16,10,8.77,20.0,30.0,0
31,35,1583,39.62,129.56,194,49,25,6.61,90.08,79.14,0
33,54,2323,37.07,109.54,287,77,33,6.72,39.66,47.24,0
18,10,511,49.2,124.28,34,15,33,9.68,51.54,61.34,0
25,19,1143,53.09,145.26,109,53,21,7.58,93.52,89.12,1
22,13,824,54.4,167.43,61,33,48,6.77,67.14,91.63,1
29,42,1587,38.84,133.7,125,55,19,7.59,53.7,76.14,0
23,21,897,46.5,141.06,71,24,67,6.49,71.57,73.4,1
22,14,681,42.32,146.64,74,23,41,6.94,52.84,65.19,1
31,52,1214,28.83,130.24,114,32,14,7.67,38.66,54.61,0
34,56,1526,29.33,117.75,122,40,49,8.16,32.23,67.34,0
30,40,1948,54.8,147.68,232,60,50,7.34,64.57,82.18,1
19,10,353,39.9,127.38,32,14,13,7.89,62.62,58.79,0
25,24,951,42.06,137.92,65,29,63,6.4,58.82,58.79,0
22,10,425,51.45,154.06,30,16,43,7.56,77.46,70.81,1
25,17,533,28.02,151.1,46,23,34,8.6,73.48,90.77,1
22,11,577,50.68,137.47,43,20,21,8.84,63.69,72.45,0
18,10,335,40.65,138.01,30,14,17,6.44,71.47,84.14,1
20,10,362,34.8,122.96,28,14,18,7.8,77.21,61.86,0
29,34,1557,41.9,133.89,157,53,36,8.69,66.2,61.93,0
21,17,569,39.92,155.79,41,16,34,7.14,74.39,62.94,0
29,39,2650,60.0,144.01,251,120,56,5.49,100.0,90.24,1
26,37,2232,51.48,132.84,156,62,37,5.96,36.81,98.0,0
20,14,451,30.78,129.51,55,16,33,6.12,59.78,67.12,0
19,10,368,40.37,117.02,25,10,39,6.68,41.32,49.53,0
20,10,583,48.78,133.89,43,18,9,7.5,78.59,64.58,0
32,50,1409,29.35,128.19,105,47,23,8.25,26.88,52.37,0
27,28,1423,47.14,149.83,94,53,27,7.87,93.15,84.61,1
31,54,2551,49.29,98.31,276,92,41,8.04,62.89,78.62,1
30,42,1763,46.59,140.23,146,44,13,7.86,75.35,56.35,0
27,39,1948,58.86,133.38,142,65,0,0.0,71.15,73.88,0
33,43,2247,47.32,125.94,192,91,19,6.29,41.86,70.55,0
26,23,517,28.07,121.76,45,23,36,7.31,62.83,55.17,0
24,25,1039,45.1,144.27,90,34,38,7.02,80.43,87.54,1
31,36,1853,55.11,142.96,184,49,32,7.58,81.03,82.34,1
34,60,2577,52.26,149.02,199,68,51,7.06,81.21,78.43,1
27,25,1025,45.1,130.91,121,48,17,7.38,82.87,75.77,1
21,10,440,39.81,158.65,31,19,44,8.02,95.27,95.96,1
27,29,1384,40.46,145.31,92,50,45,8.28,38.18,74.06,0
26,22,730,39.99,129.33,89,19,7,6.14,61.8,69.05,0
19,11,377,40.53,122.25,28,17,9,9.89,26.34,62.64,0
22,15,607,34.89,119.39,70,26,14,7.71,70.26,67.9,0
19,10,281,34.92,118.67,23,9,16,6.67,53.03,55.28,0
19,10,339,33.08,116.9,31,14,18,8.21,92.84,62.64,0
21,10,372,40.29,138.01,24,17,56,8.8,80.37,80.13,1
18,10,423,50.17,131.36,35,16,58,6.85,85.76,69.0,0
25,31,1246,33.79,123.81,96,36,11,8.13,38.36,57.81,0
33,51,2815,48.06,135.63,293,95,24,6.86,56.45,54.46,0
31,55,1844,32.63,126.14,193,52,4,8.21,52.36,68.69,0
23,19,860,39.36,135.71,91,24,38,8.29,50.44,62.04,0
31,37,2240,50.91,148.27,223,59,49,7.69,73.12,69.77,1
32,54,3120,55.01,120.49,226,91,70,6.77,62.81,85.58,1
19,10,352,43.38,131.95,36,15,2,7.24,89.99,47.79,1
19,10,316,35.24,141.06,31,10,61,6.43,65.4,81.19,1
30,33,1148,31.56,116.4,85,38,6,8.31,42.27,68.47,0
29,45,1781,46.79,138.64,213,56,44,6.76,51.03,74.96,0
21,10,465,44.91,120.17,39,13,17,8.57,71.39,69.81,0
30,39,1996,51.52,139.87,231,88,48,6.75,67.59,79.87,1
29,31,868,30.07,127.35,100,25,26,7.72,34.31,62.57,0
22,20,810,35.21,127.99,93,32,25,7.82,35.32,91.23,0
21,17,388,26.58,105.56,44,12,41,6.74,31.05,68.27,0
23,21,617,30.55,114.68,75,15,18,8.69,43.09,61.62,0
24,24,1012,37.77,131.85,114,26,46,7.04,69.37,73.55,1
33,46,1578,41.42,143.93,146,50,26,7.19,69.34,81.99,1
28,38,1868,55.95,149.36,149,64,45,8.69,61.51,68.56,1
34,65,2992,43.43,146.85,224,85,58,7.27,62.64,67.05,1
23,18,528,36.16,118.36,41,18,20,9.81,40.82,60.13,0
23,16,730,39.7,142.25,78,23,66,8.22,77.0,86.07,1
18,10,332,38.86,142.93,23,10,18,7.22,92.39,61.07,0
27,39,1649,39.36,126.41,164,44,36,7.7,55.81,58.19,0
30,38,1515,46.27,132.79,146,49,25,7.85,89.1,82.87,1
19,10,231,27.56,112.96,19,7,11,8.78,49.88,70.44,0
34,61,1786,35.32,131.77,131,73,21,8.29,62.44,68.2,0
32,46,1211,29.51,103.77,116,37,23,8.98,45.65,73.88,0
23,10,363,37.53,125.68,33,11,23,8.69,20.0,48.36,0
22,10,552,56.8,160.15,45,22,44,7.52,88.19,98.0,1
22,10,230,27.02,140.41,17,10,19,6.13,41.11,77.65,0
34,58,3101,49.83,146.07,355,116,38,5.83,73.73,52.99,1
25,23,1057,52.83,141.26,103,49,22,7.67,57.48,59.17,0
31,53,2875,48.48,138.0,236,109,49,9.95,61.61,83.47,0
29,29,1180,46.94,155.41,85,30,70,6.98,79.34,95.4,1
26,31,1420,41.44,112.28,106,54,5,6.13,43.26,66.72,1
20,16,631,44.71,134.94,61,24,31,7.31,91.38,77.81,0
29,33,1286,37.27,116.4,100,47,35,7.34,45.21,46.36,0
27,21,724,30.91,130.71,53,32,35,7.82,65.36,55.2,0
29,32,1386,49.23,140.92,93,51,20,7.84,88.72,64.59,1
19,10,330,33.54,144.16,24,12,40,7.0,61.17,69.53,1
25,24,1299,45.81,133.28,93,33,15,7.71,87.79,69.23,1
33,42,2073,50.33,136.18,255,56,10,7.69,74.26,79.79,1
18,10,452,47.91,148.05,37,19,14,7.4,78.12,81.07,1
18,10,596,55.5,123.95,67,26,14,5.98,70.38,77.28,1
29,31,1666,55.2,144.14,184,56,50,7.79,74.41,76.35,1
28,38,1724,47.75,156.94,116,66,28,5.96,98.98,84.21,1
21,18,811,37.6,128.28,63,30,34,8.08,59.24,66.28,0
18,10,422,35.3,110.15,31,16,16,7.22,44.49,69.61,0
24,22,1025,50.02,136.16,80,37,19,6.74,38.14,75.56,0
24,28,967,38.82,122.69,71,26,26,7.19,68.13,61.66,0
31,50,2371,39.75,128.34,187,60,29,7.77,31.65,76.51,0
24,30,1019,34.46,139.38,71,40,44,6.86,78.64,69.72,1
22,17,646,35.73,120.07,49,25,33,7.97,51.33,49.85,0
22,19,534,33.28,125.1,35,20,0,0.0,27.6,73.16,0
28,30,2004,60.0,140.81,158,52,27,7.54,100.0,98.0,1
23,10,278,29.19,142.91,31,7,32,7.92,61.28,64.2,0
22,10,428,44.15,136.37,50,20,52,7.27,62.27,54.45,0
18,10,341,34.86,133.98,27,8,32,5.87,100.0,85.73,1
18,10,575,48.96,142.09,61,21,40,6.81,54.33,81.23,1
18,10,314,34.55,117.84,36,13,28,7.83,55.09,41.21,0
26,26,939,40.98,157.07,73,24,35,6.03,90.44,70.22,1
18,10,377,41.99,133.26,34,10,26,8.65,59.25,76.53,0
23,24,928,47.14,135.67,89,26,25,8.11,92.01,81.35,1
31,50,2011,34.42,141.88,161,85,15,9.52,54.79,49.92,0
23,18,948,55.09,144.75,94,27,37,7.12,93.18,81.34,1
18,10,379,43.92,125.36,41,11,13,7.88,30.58,62.91,0
29,39,1953,54.29,147.36,205,73,57,6.17,85.94,83.33,1
19,10,515,48.37,125.66,42,17,30,7.16,73.46,78.86,1
18,10,478,42.85,132.6,37,14,39,8.03,60.39,71.71,0
18,10,458,45.05,170.0,36,11,33,5.37,100.0,98.0,1
23,14,708,57.34,138.13,78,31,60,7.16,68.8,86.9,1
34,46,1657,41.42,136.63,122,42,39,7.55,42.58,60.85,0
24,18,1026,51.54,130.53,112,32,29,9.07,42.31,88.26,0
30,43,1471,39.86,132.36,124,64,40,7.78,68.95,43.29,0
23,19,690,41.05,143.92,53,17,6,8.61,64.55,93.58,1
34,57,1372,20.46,105.79,96,63,0,0.0,20.0,42.13,0
32,52,1943,40.78,127.92,220,58,56,6.91,77.27,54.12,1
31,36,1851,50.34,136.43,128,56,50,6.0,87.28,85.06,1
25,30,1164,32.85,153.65,86,35,5,8.08,31.42,51.21,0
18,10,451,43.89,131.6,32,12,47,7.69,72.12,74.46,0
29,34,1866,57.77,140.44,159,48,56,8.34,88.56,76.83,1
29,35,1604,46.75,149.24,116,52,43,8.47,33.45,88.55,1
22,10,261,32.33,113.92,19,10,27,6.38,59.26,47.85,0
30,40,1852,42.78,142.56,125,48,9,6.97,84.82,69.15,1
31,38,1832,55.8,160.4,147,87,43,7.12,92.28,85.71,1
32,57,2248,47.52,143.27,256,81,54,7.17,81.87,83.92,1
21,20,1349,60.0,132.72,144,54,37,7.54,88.31,80.9,1
20,11,566,43.21,136.6,46,15,42,8.04,57.86,40.59,0
28,25,975,40.29,131.29,112,46,41,9.2,55.73,61.39,1
18,10,553,47.55,161.28,59,15,39,7.01,96.31,80.14,1
25,34,942,34.1,126.61,68,36,15,8.79,28.68,69.26,0
32,40,1729,37.49,149.69,118,78,15,7.83,49.81,86.39,1
25,33,928,31.57,118.67,115,34,5,7.68,75.1,60.06,0
20,15,469,34.03,122.92,49,13,21,8.82,43.56,47.73,0
23,25,1318,51.08,134.93,113,49,51,6.97,84.1,77.28,1
27,35,1523,37.96,141.79,141,39,30,6.95,86.3,67.36,1
25,26,1305,60.0,136.29,148,37,42,7.6,69.43,67.65,1
32,55,2656,53.33,139.74,212,77,6,8.04,54.67,98.0,1
34,52,2108,37.65,121.54,179,73,42,7.59,56.68,51.24,0
22,16,666,40.5,148.45,47,17,21,6.76,76.64,74.05,1
34,64,2539,38.77,143.89,182,63,0,0.0,63.74,62.83,0
22,11,365,37.19,138.49,30,14,44,7.74,66.83,53.88,1
27,22,1080,52.04,120.36,98,27,42,7.6,65.49,85.62,1
18,10,320,39.57,140.65,25,8,45,6.52,85.09,71.43,1
31,42,1403,39.38,115.29,141,46,15,8.65,45.21,88.87,0
29,45,1320,32.63,129.81,103,55,35,7.66,53.92,61.68,0
26,20,796,46.47,167.08,55,33,57,5.54,90.49,92.76,1
22,19,822,39.37,128.58,73,21,28,9.2,43.36,53.95,0
25,33,1170,40.05,128.81,99,31,20,8.86,85.92,74.39,1
21,10,516,47.03,149.22,58,21,40,6.14,90.87,76.85,1
33,56,1803,34.57,143.12,150,72,39,8.55,45.67,68.47,0
25,18,907,45.92,120.69,64,34,11,6.25,68.58,87.36,1
25,23,1075,40.31,133.09,109,28,0,0.0,84.04,83.64,1
22,12,380,31.22,127.5,28,12,51,7.65,60.02,74.38,0
26,35,1396,46.17,144.07,106,48,8,6.84,70.28,78.8,1
19,10,389,39.29,111.43,46,19,4,7.66,36.82,62.41,0
29,35,1095,36.89,115.43,115,52,3,8.48,37.32,46.93,0
21,14,638,42.43,154.76,53,26,30,7.05,65.41,74.21,1
31,54,2738,53.31,134.01,206,71,24,7.99,69.63,88.33,1
31,44,1730,47.6,138.42,133,56,28,6.0,77.1,93.69,0
25,34,1423,40.56,126.81,121,38,29,6.07,79.1,86.69,1
24,18,577,36.57,124.92,42,27,50,6.56,69.88,77.22,1
31,40,2088,48.56,137.49,148,100,54,7.05,95.31,67.36,1
26,21,938,43.08,125.65,81,24,41,8.78,60.17,56.16,0
19,12,805,56.08,155.45,73,35,43,6.91,76.38,77.12,1
24,17,429,24.45,129.79,36,11,4,8.0,40.33,63.87,0
34,60,2071,42.45,130.66,192,65,13,8.9,77.27,78.8,0
34,50,2005,49.4,155.87,137,65,43,8.28,84.57,84.78,1
25,24,969,43.99,138.33,118,24,22,6.77,76.97,67.13,1
18,10,456,45.82,156.81,56,19,17,8.56,46.88,78.55,1
19,10,296,35.08,131.59,32,7,39,8.21,30.83,55.57,0
25,32,1682,53.66,154.82,136,49,46,4.54,92.2,83.11,1
33,52,2224,42.79,147.64,174,56,54,5.4,69.61,75.51,1
33,48,2924,60.0,153.95,298,136,26,7.35,100.0,94.05,1
24,11,471,45.16,138.97,33,16,44,7.04,77.82,84.5,1
30,47,1732,45.19,140.46,129,74,55,6.82,50.3,73.71,1
23,23,953,36.16,121.91,86,30,22,8.25,66.8,75.14,1
31,53,2183,46.54,132.02,152,57,21,6.96,60.31,72.15,1
21,19,784,44.53,151.41,53,21,27,7.62,71.66,70.98,1
22,17,764,39.3,133.24,85,28,0,0.0,67.02,60.77,0
23,12,604,57.63,157.49,53,29,37,6.13,73.42,98.0,1
34,53,2729,47.55,130.93,254,89,27,7.99,58.02,71.86,0
30,40,1152,32.41,141.07,88,53,13,8.69,57.63,54.73,0
27,38,2104,50.43,137.38,141,65,42,6.65,72.26,74.69,1
33,48,1974,45.62,146.94,201,66,20,6.4,74.46,84.15,1
21,10,438,44.0,142.47,51,21,0,0.0,49.94,81.03,1
18,10,439,52.21,134.36,33,17,26,8.04,40.28,63.34,0
32,41,1984,42.17,140.28,233,52,26,5.21,68.88,71.57,1
28,40,1883,40.53,130.58,226,71,47,9.68,70.13,78.69,1
30,33,1954,59.57,117.93,173,59,37,7.13,73.81,79.43,1
